{"cameraMode":{"drawMode":0,"name":"Shaded","section":"Shading Mode"},"sceneLighting":false,"audioPlay":false,"sceneViewState":{"m_AlwaysRefresh":false,"showFog":true,"showSkybox":true,"showFlares":true,"showImageEffects":true,"showParticleSystems":true,"showVisualEffectGraphs":true,"m_FxEnabled":true},"in2DMode":false,"pivot":{"x":-14.290060043334961,"y":18.85928726196289,"z":2.2174148559570314},"rotation":{"x":0.039713889360427859,"y":-0.9203284978866577,"z":0.37363454699516299,"w":0.10153112560510636},"size":71.26127624511719,"orthographic":false}