{"cameraMode":{"drawMode":0,"name":"Shaded","section":"Shading Mode"},"sceneLighting":false,"audioPlay":false,"sceneViewState":{"m_AlwaysRefresh":false,"showFog":true,"showSkybox":true,"showFlares":true,"showImageEffects":true,"showParticleSystems":true,"showVisualEffectGraphs":true,"m_FxEnabled":true},"in2DMode":false,"pivot":{"x":-85.34213256835938,"y":29.551158905029298,"z":7.557594299316406},"rotation":{"x":0.039713889360427859,"y":-0.9203284978866577,"z":0.37363454699516299,"w":0.10153112560510636},"size":78.57817840576172,"orthographic":false}